1CSE_I	1CSE_I
1CSE_I	1ACB_I
1CSE_I	1SBN_I
1CSE_I	1SIB_I
1ACB_E	1ACB_E
1ACB_E	1GL1_A
1ACB_E	1GL0_E
1TM1_E	1TM1_E
1TM1_E	1SBN_E
1TM1_E	1SIB_E
1TM1_E	1Y1K_E
1TM1_E	1Y33_E
1TM1_E	1Y34_E
1TM1_E	1Y3B_E
1TM1_E	1Y3C_E
1TM1_E	1Y48_E
1TM1_E	1Y3D_E
1TM1_E	1TM4_E
1TM1_E	1TM5_E
1TM1_E	1TM3_E
1TM1_E	1TM7_E
1TM1_E	1TMG_E
1TM1_E	1TO1_E
1TM1_E	2SIC_E
1TM1_E	1R0R_E
1TM1_E	1CSE_E
1TM1_E	3BX1_A
1TM1_I	1TM1_I
1TM1_I	1Y1K_I
1TM1_I	1Y33_I
1TM1_I	1Y34_I
1TM1_I	1Y3B_I
1TM1_I	1Y3C_I
1TM1_I	1Y48_I
1TM1_I	1Y3D_I
1TM1_I	1TM4_I
1TM1_I	1TM5_I
1TM1_I	1TM3_I
1TM1_I	1TM7_I
1TM1_I	1TMG_I
1TM1_I	1TO1_I
2SIC_I	2SIC_I
1IAR_A	1IAR_A
1IAR_B	1IAR_B
1B3S_A	1B3S_A
1B3S_A	1BRS_A
1B3S_A	1B2U_A
1B3S_A	1X1W_A
1B3S_A	1X1X_A
1X1W_D	1X1W_D
1X1W_D	1BRS_D
1X1W_D	1B2U_D
1X1W_D	1B3S_D
1X1W_D	1X1X_D
1GCQ_A	1GCQ_A
1GCQ_A	1GCQ_B
1GCQ_C	1GCQ_C
1E96_B	1E96_B
1M9E_A	1M9E_A
1M9E_A	1AK4_A
1M9E_D	1M9E_D
1M9E_D	1AK4_D
2B42_A	2B42_A
2B42_B	2B42_B
2I26_L	2I26_L
2I26_L	1UUZ_D
2I26_L	1KIQ_C
2I26_L	1KIP_C
2I26_L	1KIR_C
2I26_L	3HFM_Y
2I26_L	1XGU_C
2I26_L	1XGP_C
2I26_L	1XGQ_C
2I26_L	1XGR_C
2I26_L	1XGT_C
2I26_L	1MLC_E
2I26_N	2I26_N
2HLE_A	2HLE_A
2HLE_B	2HLE_B
3BT1_A	3BT1_A
3BT1_U	3BT1_U
1AHW_C	1AHW_C
1UUZ_A	1UUZ_A
1EFN_A	1EFN_A
1EFN_B	1EFN_B
2GOX_A	2GOX_A
2GOX_A	3D5S_A
2GOX_A	3D5R_A
2GOX_B	2GOX_B
2GOX_B	3D5S_C
2GOX_B	3D5R_C
3BP8_A	3BP8_A
3BP8_C	3BP8_C
2VIR_A	2VIR_A
2VIR_A	2VIS_A
2HRK_A	2HRK_A
2HRK_B	2HRK_B
2WPT_A	2WPT_A
2WPT_A	2VLQ_A
2WPT_A	2VLP_A
2WPT_A	2VLN_A
2WPT_A	2VLO_A
2WPT_A	1EMV_A
2WPT_A	1FR2_A
2WPT_A	2GYK_A
2VLN_B	2VLN_B
2VLN_B	2WPT_B
2VLN_B	2VLP_B
2VLN_B	2VLQ_B
2VLN_B	2VLO_B
2VLN_B	1EMV_B
2VLN_B	1FR2_B
2VLN_B	2GYK_B
1A4Y_A	1A4Y_A
1A4Y_B	1A4Y_B
1A22_A	1A22_A
1A22_A	1BP3_A
1A22_B	1A22_B
3MZG_A	3MZG_A
3MZG_A	3N06_A
3MZG_A	3N0P_A
3MZG_A	3NCB_A
3MZG_A	3NCC_A
3MZG_B	3MZG_B
3MZG_B	1BP3_B
3MZG_B	3N06_B
3MZG_B	3N0P_B
3MZG_B	3NCB_B
3MZG_B	3NCC_B
1F47_A	1F47_A
1F47_B	1F47_B
1FCC_C	1FCC_C
1GC1_C	1GC1_C
1GC1_G	1GC1_G
1GC1_G	3SE8_G
1GC1_G	3SE9_G
1GC1_G	3NGB_G
1JRH_H	1JRH_H
1JRH_I	1JRH_I
1JRH_L	1JRH_L
1DAN_H	1DAN_H
1DAN_L	1DAN_L
1DAN_T	1DAN_T
1DAN_U	1DAN_U
1NMB_H	1NMB_H
1NMB_L	1NMB_L
1NMB_N	1NMB_N
1NMB_N	1NCA_N
1CHO_E	1CHO_E
1CHO_E	1CBW_F
1CHO_E	1N8O_A
1CHO_I	1CHO_I
1CHO_I	1PPF_I
1CHO_I	1R0R_I
1CHO_I	3SGB_I
1CHO_I	2SGP_I
1CHO_I	1CSO_I
1CHO_I	1CT0_I
1CHO_I	1CT2_I
1CHO_I	1CT4_I
1CHO_I	2SGQ_I
1CHO_I	1SGD_I
1CHO_I	1SGE_I
1CHO_I	1SGN_I
1CHO_I	1SGP_I
1CHO_I	1SGQ_I
1CHO_I	1SGY_I
1CHO_I	2NU0_I
1CHO_I	2NU1_I
1CHO_I	2NU2_I
1CHO_I	2NU4_I
1PPF_E	1PPF_E
3SGB_E	3SGB_E
3SGB_E	2SGP_E
3SGB_E	1CSO_E
3SGB_E	1CT0_E
3SGB_E	1CT2_E
3SGB_E	1CT4_E
3SGB_E	2SGQ_E
3SGB_E	1SGD_E
3SGB_E	1SGE_E
3SGB_E	1SGN_E
3SGB_E	1SGP_E
3SGB_E	1SGQ_E
3SGB_E	1SGY_E
3SGB_E	2NU0_E
3SGB_E	2NU1_E
3SGB_E	2NU2_E
3SGB_E	2NU4_E
1SMF_E	1SMF_E
1SMF_E	3BTD_E
1SMF_E	3BTE_E
1SMF_E	3BTF_E
1SMF_E	3BTG_E
1SMF_E	3BTM_E
1SMF_E	3BTQ_E
1SMF_E	3BTT_E
1SMF_E	1FY8_E
1SMF_E	1F5R_A
1SMF_E	3TGK_E
1SMF_E	3BTH_E
1SMF_E	3BTW_E
1SMF_I	1SMF_I
1F5R_I	1F5R_I
1F5R_I	1EAW_B
1F5R_I	1CBW_I
1F5R_I	1FY8_I
1F5R_I	3TGK_I
1F5R_I	3BTD_I
1F5R_I	3BTE_I
1F5R_I	3BTF_I
1F5R_I	3BTG_I
1F5R_I	3BTH_I
1F5R_I	3BTM_I
1F5R_I	3BTQ_I
1F5R_I	3BTW_I
1F5R_I	3BTT_I
3M63_A	3M63_A
3M63_A	3M62_A
3M63_B	3M63_B
3SEK_A	3SEK_A
3SEK_A	3SEK_B
3SEK_A	3HH2_A
3SEK_A	3HH2_B
3SEK_C	3SEK_C
3SEK_C	3B4V_C
3HH2_C	3HH2_C
3HH2_C	2B0U_C
3B4V_B	3B4V_B
3B4V_B	2B0U_A
3B4V_B	3B4V_A
3B4V_B	2B0U_B
4HFK_A	4HFK_A
4HFK_D	4HFK_D
4HFK_D	4HFK_B
3KBH_E	3KBH_E
4I77_L	4I77_L
4I77_L	3BN9_C
4I77_L	1YY9_C
4I77_L	1N8Z_A
4I77_L	3N85_L
4I77_L	3L5X_L
4I77_L	1BJ1_L
4I77_L	1CZ8_L
4I77_L	1MHP_L
4I77_L	2NYY_C
4I77_L	4NM8_L
4I77_L	4JPK_L
4I77_L	3NGB_L
4I77_L	4ZS6_L
4I77_L	3SE8_L
4I77_L	3SE9_L
4I77_Z	4I77_Z
4I77_Z	3G6D_A
4I77_Z	3L5X_A
2AW2_A	2AW2_A
2AW2_B	2AW2_B
4JPK_A	4JPK_A
1BJ1_V	1BJ1_V
1BJ1_V	1BJ1_W
1BJ1_V	1CZ8_V
1BJ1_V	1CZ8_W
1MHP_A	1MHP_A
1MHP_A	2B2X_A
2NYY_A	2NYY_A
3MZW_A	3MZW_A
3MZW_A	1N8Z_C
3MZW_A	3N85_A
3S9D_A	3S9D_A
3S9D_A	3SE4_B
3S9D_B	3S9D_B
3S9D_B	3SE4_C
3SE4_A	3SE4_A
1E50_A	1E50_A
1E50_A	1H9D_A
1C4Z_A	1C4Z_A
1C4Z_A	1C4Z_B
1C4Z_A	1C4Z_C
1C4Z_D	1C4Z_D
2BDN_A	2BDN_A
1JTD_A	1JTD_A
1JTD_A	1S0W_A
1JTD_A	1JTG_A
1JTD_A	3N4I_A
1JTD_A	2G2W_A
2DVW_A	2DVW_A
2DVW_B	2DVW_B
3WWN_A	3WWN_A
3WWN_B	3WWN_B
3F1S_A	3F1S_A
3F1S_B	3F1S_B
4E6K_B	4E6K_B
4E6K_B	4E6K_A
4E6K_G	4E6K_G
2DSQ_G	2DSQ_G
2DSQ_I	2DSQ_I
1WQJ_B	1WQJ_B
1WQJ_I	1WQJ_I
3W2D_A	3W2D_A
3W2D_A	1SBB_B
3W2D_A	1JCK_B
3W2D_H	3W2D_H
3W2D_H	1AHW_B
3W2D_H	2VIR_B
3W2D_H	2VIS_B
3W2D_H	2JEL_H
3W2D_H	1NCA_H
3W2D_H	1XGU_B
3W2D_H	3HFM_H
3W2D_H	1XGP_B
3W2D_H	1XGQ_B
3W2D_H	1XGR_B
3W2D_H	1XGT_B
3W2D_H	1MLC_B
3W2D_H	4U6H_A
3W2D_H	2BDN_H
4BFI_A	4BFI_A
4BFI_B	4BFI_B
4EKD_A	4EKD_A
4EKD_A	4GNK_A
4EKD_B	4EKD_B
4GNK_B	4GNK_B
4HSA_A	4HSA_A
4HSA_A	4HSA_B
4HSA_C	4HSA_C
4J2L_A	4J2L_A
1K8R_B	1K8R_B
1C1Y_A	1C1Y_A
1C1Y_A	1GUA_A
3EQS_A	3EQS_A
3EQS_A	3LNZ_A
3EQS_B	3EQS_B
3EQS_B	3EQY_C
3LNZ_B	3LNZ_B
3EQY_A	3EQY_A
3QHY_A	3QHY_A
3QHY_B	3QHY_B
3QHY_B	1JTD_B
5K39_A	5K39_A
5K39_B	5K39_B
5M2O_A	5M2O_A
5M2O_B	5M2O_B
1YCS_A	1YCS_A
1YCS_B	1YCS_B
3EG5_B	3EG5_B
5XCO_B	5XCO_B
5UFE_B	5UFE_B
5UFE_B	5UFQ_C
5TAR_B	5TAR_B
4L0P_A	4L0P_A
4L0P_B	4L0P_B
2KSO_A	2KSO_A
2KSO_B	2KSO_B
3QIB_A	3QIB_A
3QIB_C	3QIB_C
3QIB_P	3QIB_P
1KNE_A	1KNE_A
1KNE_P	1KNE_P
1U7F_B	1U7F_B
1U7F_C	1U7F_C
1U7F_C	1U7F_A
1KBH_A	1KBH_A
1KBH_B	1KBH_B
3VR6_C	3VR6_C
3VR6_C	3VR6_A
3VR6_C	3VR6_B
3VR6_F	3VR6_F
3VR6_F	3VR6_D
3VR6_F	3VR6_E
3VR6_G	3VR6_G
3VR6_H	3VR6_H
1KIQ_A	1KIQ_A
1KIQ_A	1KIP_A
1KIQ_A	1KIR_A
1KIQ_B	1KIQ_B
1KIQ_B	1KIP_B
1KIQ_B	1KIR_B
2B0Z_A	2B0Z_A
2B0Z_A	2B10_A
2B0Z_A	2B11_A
2B0Z_A	2B12_A
2B0Z_A	2PCC_A
2B10_B	2B10_B
2B10_B	2B0Z_B
2B10_B	2B11_B
2B10_B	2B12_B
2B10_B	2PCC_B
2JEL_P	2JEL_P
2OOB_A	2OOB_A
2O3B_A	2O3B_A
2O3B_B	2O3B_B
2J0T_A	2J0T_A
2J0T_D	2J0T_D
2C0L_B	2C0L_B
2BTF_A	2BTF_A
2BTF_P	2BTF_P
2AJF_A	2AJF_A
2AJF_A	3KBH_A
2AJF_E	2AJF_E
2A9K_A	2A9K_A
2A9K_B	2A9K_B
4CPA_A	4CPA_A
4CPA_I	4CPA_I
1XD3_A	1XD3_A
1S1Q_A	1S1Q_A
1S1Q_B	1S1Q_B
1S1Q_B	2OOB_B
1S1Q_B	1XD3_B
1N8O_B	1N8O_B
1N8O_B	1CBW_G
1N8O_B	1CHO_F
1N8O_C	1N8O_C
1N8O_C	1CBW_H
1N8O_C	1CHO_G
1N8O_E	1N8O_E
1MAH_A	1MAH_A
1LFD_A	1LFD_A
1KTZ_A	1KTZ_A
1KTZ_B	1KTZ_B
1REW_B	1REW_B
1REW_B	1REW_A
1REW_B	3BK3_A
1REW_C	1REW_C
3BK3_C	3BK3_C
1JTG_B	1JTG_B
1JTG_B	1S0W_C
1JTG_B	2G2W_B
1JTG_B	3N4I_B
1HE8_A	1HE8_A
1H9D_B	1H9D_B
1H9D_B	1E50_B
1GRN_A	1GRN_A
1GRN_A	1E96_A
1GRN_A	3EG5_A
1GRN_B	1GRN_B
1GL1_I	1GL1_I
1GL0_I	1GL0_I
1FFW_A	1FFW_A
1FFW_B	1FFW_B
1FC2_C	1FC2_C
1FC2_C	3MZW_B
3BN9_B	3BN9_B
3BN9_B	1EAW_A
1QSE_C	1QSE_C
1MI5_C	1MI5_C
2AK4_C	2AK4_C
2AK4_D	2AK4_D
2AK4_D	2VLR_D
2AK4_D	1OGA_D
2AK4_D	2P5E_D
2AK4_D	2BNQ_D
2AK4_D	3QDJ_D
2AK4_D	3D3V_D
2AK4_D	3QFJ_D
2AK4_D	3PWP_D
2AK4_D	1QSE_D
2AK4_D	4JFF_D
2AK4_D	4JFD_D
2AK4_D	4JFE_D
2AK4_D	1MI5_D
2AK4_D	4MNQ_D
2AK4_D	4OZG_G
2AK4_D	4P5T_A
2AK4_D	3C60_A
2BNQ_C	2BNQ_C
4MNQ_C	4MNQ_C
1YY9_A	1YY9_A
1YY9_A	4KRO_A
1YY9_A	4KRP_A
3BX1_C	3BX1_C
3SZK_A	3SZK_A
3SZK_B	3SZK_B
3SZK_C	3SZK_C
4GXU_A	4GXU_A
4GXU_A	4GXU_C
4GXU_A	4GXU_E
4GXU_A	3LZF_A
4GXU_M	4GXU_M
4GXU_M	3BN9_D
4GXU_M	1YY9_D
4GXU_M	3LZF_H
4GXU_M	1N8Z_B
4GXU_M	3G6D_H
4GXU_M	3N85_H
4GXU_M	4I77_H
4GXU_M	3L5X_H
4GXU_M	4JPK_H
4GXU_M	1CZ8_H
4GXU_M	1BJ1_H
4GXU_M	2B2X_H
4GXU_M	1MHP_H
4GXU_M	2NYY_D
4GXU_M	3NGB_H
4GXU_M	4NM8_H
4GXU_M	4ZS6_H
4GXU_M	3SE8_H
4GXU_M	3SE9_H
1FSS_A	1FSS_A
1FSS_B	1FSS_B
1FSS_B	1MAH_F
4HRN_A	4HRN_A
4HRN_D	4HRN_D
3R9A_A	3R9A_A
3R9A_A	3R9A_C
3R9A_B	3R9A_B
3R9A_B	2C0L_A
3G6D_L	3G6D_L
3G6D_L	3LZF_L
3G6D_L	4GXU_N
3Q8D_A	3Q8D_A
3Q8D_E	3Q8D_E
1XGP_A	1XGP_A
1XGP_A	1AHW_A
1XGP_A	2JEL_L
1XGP_A	1NCA_L
1XGP_A	3HFM_L
1XGP_A	1XGU_A
1XGP_A	1XGQ_A
1XGP_A	1XGR_A
1XGP_A	1XGT_A
1XGP_A	2B2X_L
1XGP_A	1MLC_A
1XGP_A	2BDN_L
1XGP_A	3W2D_L
1XGP_A	4U6H_B
3RF3_A	3RF3_A
3RF3_C	3RF3_C
3AAA_A	3AAA_A
3AAA_B	3AAA_B
3AAA_C	3AAA_C
4K71_A	4K71_A
4K71_B	4K71_B
3UII_A	3UII_A
3UII_P	3UII_P
4N8V_C	4N8V_C
4N8V_G	4N8V_G
4CVW_A	4CVW_A
4CVW_C	4CVW_C
4B0M_A	4B0M_A
4B0M_B	4B0M_B
4B0M_M	4B0M_M
3M62_B	3M62_B
4J2L_D	4J2L_D
4J2L_D	4J2L_C
4JEU_A	4JEU_A
4JEU_B	4JEU_B
4JGH_A	4JGH_A
4JGH_B	4JGH_B
4JGH_C	4JGH_C
4JGH_D	4JGH_D
4KRL_A	4KRL_A
4KRO_B	4KRO_B
4KRO_B	4KRL_B
4KRO_B	4KRP_B
4LRX_B	4LRX_B
4LRX_B	4LRX_A
4LRX_D	4LRX_D
4LRX_D	4LRX_C
3U82_A	3U82_A
3U82_A	4MYW_A
3U82_B	3U82_B
3U82_B	4MYW_B
4NM8_A	4NM8_A
4NM8_A	2VIS_C
4NM8_A	2VIR_C
4NM8_A	4NM8_C
4NM8_A	4NM8_E
4NM8_F	4NM8_F
4NM8_F	4NM8_B
4NM8_F	4NM8_D
4NM8_F	4GXU_B
4NM8_F	4GXU_D
4NM8_F	4GXU_F
4NM8_F	3LZF_B
4NZW_B	4NZW_B
4NZW_B	4O27_B
4NZW_B	4FZA_B
4O27_A	4O27_A
4O27_A	4FZA_A
4O27_A	4NZW_A
4OFY_A	4OFY_A
4OFY_D	4OFY_D
4OZG_B	4OZG_B
4OZG_B	4P5T_D
4OZG_B	3C60_D
4OZG_B	3QIB_B
4OZG_J	4OZG_J
4P5T_C	4P5T_C
4P5T_C	3C60_C
4P5T_C	4OZG_A
4PWX_A	4PWX_A
4PWX_A	4PWX_B
4PWX_C	4PWX_C
4PWX_D	4PWX_D
2C5D_B	2C5D_B
2C5D_B	2C5D_A
2C5D_B	4RA0_A
2C5D_C	2C5D_C
2C5D_C	2C5D_D
2C5D_C	4RA0_C
4U6H_E	4U6H_E
4X4M_A	4X4M_A
4X4M_A	1FC2_D
4X4M_A	1FCC_A
4X4M_A	4X4M_B
4X4M_E	4X4M_E
4Y61_A	4Y61_A
4Y61_B	4Y61_B
4YEB_A	4YEB_A
4YEB_B	4YEB_B
4YFD_B	4YFD_B
4YH7_A	4YH7_A
4YH7_A	4YFD_A
4YH7_B	4YH7_B
4ZS6_A	4ZS6_A
5C6T_A	5C6T_A
5C6T_H	5C6T_H
5C6T_L	5C6T_L
5CYK_A	5CYK_A
5CYK_A	5CXB_A
5CYK_B	5CYK_B
5CYK_B	5CXB_B
4RS1_B	4RS1_B
4NKQ_A	4NKQ_A
4NKQ_B	4NKQ_B
4NKQ_C	4NKQ_C
4NKQ_C	4RS1_A
5E6P_A	5E6P_A
5E6P_B	5E6P_B
2REX_A	2REX_A
2REX_B	2REX_B
2REX_B	3Q3J_B
3Q3J_A	3Q3J_A
3NVQ_A	3NVQ_A
3NVN_A	3NVN_A
3NVN_B	3NVN_B
3NVN_B	3NVQ_B
4G0N_A	4G0N_A
4G0N_A	5XCO_A
4G0N_A	1LFD_B
4G0N_A	1HE8_B
4G0N_A	1K8R_A
4G0N_A	3KUD_A
4G0N_A	5UFE_A
4G0N_A	5UFQ_A
4G0N_A	5TAR_A
4G0N_B	4G0N_B
4G0N_B	1GUA_B
4G0N_B	3KUD_B
4G0N_B	1C1Y_B
2J12_A	2J12_A
2J1K_C	2J1K_C
1KAC_A	1KAC_A
1KAC_A	1P69_A
1KAC_A	1P6A_A
1KAC_B	1KAC_B
1KAC_B	2J12_B
1KAC_B	2J1K_T
1KAC_B	1P69_B
1KAC_B	1P6A_B
5F4E_A	5F4E_A
5F4E_B	5F4E_B
3SF4_A	3SF4_A
3SF4_A	4G2V_A
3SF4_A	4WND_A
3SF4_D	3SF4_D
4G2V_B	4G2V_B
4WND_B	4WND_B
2VLR_A	2VLR_A
2VLR_A	1OGA_A
2VLR_A	2P5E_A
2VLR_A	3QDJ_A
2VLR_A	1AO7_A
2VLR_A	3D3V_A
2VLR_A	5E9D_A
2VLR_A	3QFJ_A
2VLR_A	4JFF_A
2VLR_A	4JFD_A
2VLR_A	4JFE_A
2VLR_A	3PWP_A
2VLR_A	2UWE_A
2VLR_A	2JCC_A
2VLR_A	2J8U_A
2VLR_A	1QSE_A
2VLR_A	1MI5_A
2VLR_A	2AK4_A
2VLR_A	2BNQ_A
2VLR_A	4MNQ_A
2VLR_A	4N8V_A
2VLR_B	2VLR_B
2VLR_B	1OGA_B
2VLR_B	2P5E_B
2VLR_B	3QDJ_B
2VLR_B	1AO7_B
2VLR_B	3D3V_B
2VLR_B	5E9D_B
2VLR_B	3QFJ_B
2VLR_B	4JFF_B
2VLR_B	4JFD_B
2VLR_B	4JFE_B
2VLR_B	3PWP_B
2VLR_B	2UWE_B
2VLR_B	2JCC_B
2VLR_B	2J8U_B
2VLR_B	1QSE_B
2VLR_B	1MI5_B
2VLR_B	2AK4_B
2VLR_B	2BNQ_B
2VLR_B	4MNQ_B
2VLR_B	4K71_C
2VLR_B	4N8V_B
1OGA_C	1OGA_C
1OGA_C	2VLR_C
2P5E_C	2P5E_C
3QDJ_C	3QDJ_C
3D3V_C	3D3V_C
3D3V_E	3D3V_E
3D3V_E	2VLR_E
3D3V_E	1OGA_E
3D3V_E	1AO7_E
3D3V_E	3QFJ_E
3D3V_E	3PWP_E
3D3V_E	1QSE_E
3D3V_E	1MI5_E
3D3V_E	2AK4_E
3D3V_E	4OZG_H
3D3V_E	1JCK_A
3D3V_E	1SBB_A
3D3V_E	4JFF_E
3D3V_E	4JFD_E
3D3V_E	4JFE_E
3D3V_E	2UWE_F
3D3V_E	2JCC_F
3D3V_E	2J8U_F
3D3V_E	2BNQ_E
3D3V_E	2P5E_E
3D3V_E	4MNQ_E
3D3V_E	3QDJ_E
3D3V_E	3C60_B
3D3V_E	4P5T_B
3D3V_E	3QIB_D
5E9D_D	5E9D_D
5E9D_D	1AO7_D
5E9D_E	5E9D_E
3QFJ_C	3QFJ_C
3QFJ_C	1AO7_C
4JFF_C	4JFF_C
4JFF_C	5E9D_C
4JFD_C	4JFD_C
4JFE_C	4JFE_C
3PWP_C	3PWP_C
2OI9_A	2OI9_A
2OI9_B	2OI9_B
2OI9_C	2OI9_C
2OI9_Q	2OI9_Q
2UWE_C	2UWE_C
2UWE_C	2JCC_C
2UWE_C	2J8U_C
2UWE_E	2UWE_E
2UWE_E	2JCC_E
2UWE_E	2J8U_E
